<?xml version="1.0" encoding="UTF-8"?>
<GenRun Id="prgrom_synth_1" LaunchPart="xc7a100tfgg484-1" LaunchTime="1594617746">
  <File Type="RDS-DCP" Name="prgrom.dcp"/>
  <File Type="RUN-CONSTRS" Name="$PDATADIR/runs/prgrom_synth_1/constrs_in.xml"/>
  <File Type="RDS-UTIL-PB" Name="prgrom_utilization_synth.pb"/>
  <File Type="RUN-SRCS" Name="$PDATADIR/runs/prgrom_synth_1/sources.xml"/>
  <File Type="RDS-PROPCONSTRS" Name="prgrom_drc_synth.rpt"/>
  <File Type="PA-TCL" Name="prgrom.tcl"/>
  <File Type="RUN-STRAT" Name="$PDATADIR/runs/prgrom_synth_1/prgrom_synth_1.psg"/>
  <File Type="RDS-RDS" Name="prgrom.vds"/>
  <File Type="RDS-UTIL" Name="prgrom_utilization_synth.rpt"/>
  <File Type="VDS-TIMINGSUMMARY" Name="prgrom_timing_summary_synth.rpt"/>
  <File Type="VDS-TIMING-PB" Name="prgrom_timing_summary_synth.pb"/>
  <FileSet Name="sources" Type="BlockSrcs" RelSrcDir="$PSRCDIR/prgrom">
    <File Path="$PSRCDIR/sources_1/ip/prgrom_1/prgrom.xci">
      <FileInfo>
        <Attr Name="UsedIn" Val="synthesis"/>
        <Attr Name="UsedIn" Val="implementation"/>
        <Attr Name="UsedIn" Val="simulation"/>
      </FileInfo>
    </File>
    <Config>
      <Option Name="TopModule" Val="prgrom"/>
      <Option Name="UseBlackboxStub" Val="1"/>
    </Config>
  </FileSet>
  <FileSet Name="constrs_in" Type="BlockSrcs" RelSrcDir="$PSRCDIR/prgrom">
    <File Path="$PSRCDIR/sources_1/ip/prgrom_1/prgrom.xci">
      <FileInfo>
        <Attr Name="UsedIn" Val="synthesis"/>
        <Attr Name="UsedIn" Val="implementation"/>
        <Attr Name="UsedIn" Val="simulation"/>
      </FileInfo>
    </File>
    <Config>
      <Option Name="TopModule" Val="prgrom"/>
      <Option Name="UseBlackboxStub" Val="1"/>
    </Config>
  </FileSet>
  <Strategy Version="1" Minor="2">
    <StratHandle Name="Vivado Synthesis Defaults" Flow="Vivado Synthesis 2015">
      <Desc>Vivado Synthesis Defaults</Desc>
    </StratHandle>
    <Step Id="synth_design"/>
  </Strategy>
</GenRun>
