<?xml version="1.0" encoding="UTF-8"?>
<GenRun Id="ram_synth_1" LaunchPart="xc7a100tfgg484-1" LaunchTime="1594617890">
  <File Type="RDS-DCP" Name="ram.dcp"/>
  <File Type="RUN-CONSTRS" Name="$PDATADIR/runs/ram_synth_1/constrs_in.xml"/>
  <File Type="RDS-UTIL-PB" Name="ram_utilization_synth.pb"/>
  <File Type="RUN-SRCS" Name="$PDATADIR/runs/ram_synth_1/sources.xml"/>
  <File Type="RDS-PROPCONSTRS" Name="ram_drc_synth.rpt"/>
  <File Type="PA-TCL" Name="ram.tcl"/>
  <File Type="RUN-STRAT" Name="$PDATADIR/runs/ram_synth_1/ram_synth_1.psg"/>
  <File Type="RDS-RDS" Name="ram.vds"/>
  <File Type="RDS-UTIL" Name="ram_utilization_synth.rpt"/>
  <File Type="VDS-TIMINGSUMMARY" Name="ram_timing_summary_synth.rpt"/>
  <File Type="VDS-TIMING-PB" Name="ram_timing_summary_synth.pb"/>
  <FileSet Name="sources" Type="BlockSrcs" RelSrcDir="$PSRCDIR/ram">
    <File Path="$PSRCDIR/sources_1/ip/ram_1/ram.xci">
      <FileInfo>
        <Attr Name="UsedIn" Val="synthesis"/>
        <Attr Name="UsedIn" Val="implementation"/>
        <Attr Name="UsedIn" Val="simulation"/>
      </FileInfo>
    </File>
    <Config>
      <Option Name="TopModule" Val="ram"/>
      <Option Name="UseBlackboxStub" Val="1"/>
    </Config>
  </FileSet>
  <FileSet Name="constrs_in" Type="BlockSrcs" RelSrcDir="$PSRCDIR/ram">
    <File Path="$PSRCDIR/sources_1/ip/ram_1/ram.xci">
      <FileInfo>
        <Attr Name="UsedIn" Val="synthesis"/>
        <Attr Name="UsedIn" Val="implementation"/>
        <Attr Name="UsedIn" Val="simulation"/>
      </FileInfo>
    </File>
    <Config>
      <Option Name="TopModule" Val="ram"/>
      <Option Name="UseBlackboxStub" Val="1"/>
    </Config>
  </FileSet>
  <Strategy Version="1" Minor="2">
    <StratHandle Name="Vivado Synthesis Defaults" Flow="Vivado Synthesis 2015">
      <Desc>Vivado Synthesis Defaults</Desc>
    </StratHandle>
    <Step Id="synth_design"/>
  </Strategy>
</GenRun>
