<?xml version="1.0" encoding="UTF-8"?>
<GenRun Id="cpuclk_synth_1" LaunchPart="xc7a100tfgg484-1" LaunchTime="1594617523">
  <File Type="RDS-DCP" Name="cpuclk.dcp"/>
  <File Type="RUN-CONSTRS" Name="$PDATADIR/runs/cpuclk_synth_1/constrs_in.xml"/>
  <File Type="RDS-UTIL-PB" Name="cpuclk_utilization_synth.pb"/>
  <File Type="RUN-SRCS" Name="$PDATADIR/runs/cpuclk_synth_1/sources.xml"/>
  <File Type="RDS-PROPCONSTRS" Name="cpuclk_drc_synth.rpt"/>
  <File Type="PA-TCL" Name="cpuclk.tcl"/>
  <File Type="RUN-STRAT" Name="$PDATADIR/runs/cpuclk_synth_1/cpuclk_synth_1.psg"/>
  <File Type="RDS-RDS" Name="cpuclk.vds"/>
  <File Type="RDS-UTIL" Name="cpuclk_utilization_synth.rpt"/>
  <File Type="VDS-TIMINGSUMMARY" Name="cpuclk_timing_summary_synth.rpt"/>
  <File Type="VDS-TIMING-PB" Name="cpuclk_timing_summary_synth.pb"/>
  <FileSet Name="sources" Type="BlockSrcs" RelSrcDir="$PSRCDIR/cpuclk">
    <File Path="$PSRCDIR/sources_1/ip/cpuclk_2/cpuclk.xci">
      <FileInfo>
        <Attr Name="UsedIn" Val="synthesis"/>
        <Attr Name="UsedIn" Val="implementation"/>
        <Attr Name="UsedIn" Val="simulation"/>
      </FileInfo>
    </File>
    <Config>
      <Option Name="TopModule" Val="cpuclk"/>
      <Option Name="UseBlackboxStub" Val="1"/>
    </Config>
  </FileSet>
  <FileSet Name="constrs_in" Type="BlockSrcs" RelSrcDir="$PSRCDIR/cpuclk">
    <File Path="$PSRCDIR/sources_1/ip/cpuclk_2/cpuclk.xci">
      <FileInfo>
        <Attr Name="UsedIn" Val="synthesis"/>
        <Attr Name="UsedIn" Val="implementation"/>
        <Attr Name="UsedIn" Val="simulation"/>
      </FileInfo>
    </File>
    <Config>
      <Option Name="TopModule" Val="cpuclk"/>
      <Option Name="UseBlackboxStub" Val="1"/>
    </Config>
  </FileSet>
  <Strategy Version="1" Minor="2">
    <StratHandle Name="Vivado Synthesis Defaults" Flow="Vivado Synthesis 2015">
      <Desc>Vivado Synthesis Defaults</Desc>
    </StratHandle>
    <Step Id="synth_design"/>
  </Strategy>
</GenRun>
